,Gene,Length,Score,Sequence,Species
0,EMG1,22,2,GCACGCGGGAATTCACACGTGC,Sklu
1,TMA17,20,2,CAATTGACCTTGGTCAACTG,Clus
2,RPS6A,22,2,ACTTAGGGCTATAGCCCTACTT,Calb
3,HSL1,20,2,TCGCCGTCACGTGCCGGAGA,Agos
4,PRE2,20,2,TCTGAAGCTCCAGCGTCAGA,Anid
5,GAL2,20,2,TACGTGGAGTACCTCACGTA,Scas
6,PML1,24,2,TGCACCTCCGCTAGATGAGGTGCA,Scer
7,PAU17,22,2,CGGAACTCATTAAAGAGCTCCG,Scer
8,ADH2,22,1,TCTCCAACTTGCAAGTTGGGGA,Sbay
9,MDH3,20,2,CTCCCCCTCTAGAGGGGGGT,Cgla
10,MDH3,20,2,CGGTATACCTCGGTATACCC,Cgla
11,MDH3,20,2,TCCCTTTGTATATAAAGCGA,Cgla
12,IGD1,20,2,CTATTGTGAGCACACAATAC,Kwal
13,SER33,28,2,GATAGGTGGAGATACATCTCCGCCTATC,Smik
14,IDP3,22,1,TGTTATGTGCTAGCACATGACA,Agos
15,PRB1,20,2,CAATGTGTAGCCACACATTT,Calb
16,ART10,20,2,CATATGCTCAGGAGTATATG,Sjap
17,ACO1,20,2,GGGGCCCATCGTTGGGCCCT,Ncra
18,HMS2,20,2,TCAATACTTCGGAGGATTGA,Dhan
19,PCL1,20,2,CGCCAGGCGCCCGCCTCGCG,Kwal
20,YDL124W,20,2,CAAAACGGCACGCTGTTTTG,Scer
21,RPL14,20,2,ATTAGGGCTATAGCCCTAGC,Calb
22,CIN1,22,1,GCAGCGCGGGTACCCGGGCTGC,Scer
23,CIN1,20,2,ATGGACGGACATCCGGCCAT,Scer
24,RPS5,20,2,ATTAGGGCTGTAACCCTAAT,Ctro
25,CDC20,22,2,GTGGCAGCCCGCCAGCTGCCAC,Ncra
26,ZPS1,26,2,ACCTTCAGGGTTAGGACCCTGAAGGT,Scer
27,YDL206W,20,2,TGACGCCACTAGCGGCATCA,Ylip
28,MAM3,20,2,GATATACCCTAGGGCATACC,Scer
29,TSC10,26,2,AAATGCAGAGGAGTTTCTCTGCATTT,Scer
30,EDC1,24,2,CGCGCGGCACGGCGGTGCTGCGCG,Sbay
31,SOL4,22,2,ACACCTCGTAGCTACGATGTCT,Sjap
32,GTT2,20,2,CGCCCCAGCTAGGGGGGGCG,Ncra
33,GRX2,24,2,CGGCCCCCTTCGCAAAGGGGCCCG,Spar
34,BIO5,20,2,TGTACATACCTGGATGTACA,Ncra
35,ADE6,20,2,CATCCCCGTCGACCGAGATG,Ncra
36,MEF1,20,2,TCTTGCCAAACTTGCCAAGA,Cpar
37,MEF1,20,2,AAAGCTTTGGCCAAGGCTTA,Cpar
38,YJR084W,20,2,GGGCCAAAAATTTCTGGGCC,Ncra
39,SVS1,20,2,CGCATTGGATATTCAATTCG,Scer
40,TMA17,22,2,CCGGAATATCATAATTTTCCGG,Smik
41,ATG21,20,2,CGACATATTCGAATTTGTGG,Sklu
42,SEC24,20,2,CGAAGTTGACCTCAACTTCC,Anid
43,IML1,22,2,AATTCGCCTCCGGCGGCTAATT,Sbay
44,GAL2,20,2,GTGTAGTTTGAAAAGTACAC,Scer
45,GAL2,22,2,GGAGGTCATTATACTGACCGCC,Scer
46,YFL054C,22,2,CCGGAATATCATAATTTTCCGG,Smik
47,ZCF38,20,2,TCTGGAGATATATGTCCAAA,Spar
48,RPS4A,20,2,TTTAGGGTTATAGCCCTAAC,Ctro
49,CKA2,20,2,CGTGGCCGTCGACGATCACG,Agos
50,GAL2,20,2,GACAAAGACGCTTGTTTGTC,Klac
51,PCL2,22,2,ATTCAGCTCCTAGGACCTGACT,Clus
52,MAM3,20,2,TTCCGGTTTTATAACCGGAG,Sbay
53,GTT2,20,1,AGGCCGCCTTAAGGCCGCCT,Anid
54,REG1,20,2,GCTGTTATACGTATAACCAC,Scer
55,MDH3,20,2,CAGTACTCGTACAAGTACCG,Ylip
56,AIM24,20,2,TCCAAATGCGCGGATTTTGA,Scer
57,UBX2,20,2,CCCTGATAATAGTATGAGGG,Scer
58,STH1,20,2,CTCTTTGGCCTGCAAAAGAG,Ylip
59,DCP2,20,2,GTAGGTACCTAGGTACCTCT,Ncra
60,CTK1,22,2,CGTACAGCGCAGTCGCTGTACG,Soct
61,HMS2,20,2,CGACTTGGCAAGCCAAGTAG,Sjap
62,STE4,20,2,CTGTTAGGTTTACCCAACAG,Scer
63,PPH22,20,2,ATTGAGCACGCGTGCTCCAA,Lelo
64,SIT1,20,2,CGAGAAGCTGCAGCGGCTCG,Ncra
65,MRH4,22,2,GGTTCTATTTCGCAATACAACC,Scer
66,ENA5,20,2,ATATCACCGCGCGGTGTAAT,Scer
67,HMLALPHA2,26,2,TTGGGAAGCAATAAATTGCATCCCAA,Sbay
68,SBH2,20,2,GCGTCGTCAGCTGACGAGCC,Sklu
69,APM2,20,2,ATGTTCATTCGCATCAACAT,Clus
70,ARG81,20,2,AGTTACCGATATCAGTACCT,Scer
71,RMD8,20,2,CGTATGCAAAATTGCATATG,Scer
72,RPS30A,20,2,TGAGGTTGTCGGAAACCTCA,Scer
73,ABZ2,26,2,GTCAGCAGGAAAGCTTCCCTCCTGAC,Klac
74,ZPS1,24,2,TGGACCCTGCACATTCAGGGTCCA,Kwal
75,YAT1,22,2,CCGCTGCAGTGCACCTCAGCGG,Agos
76,TMA108,22,2,AACCTCAACAATAGTTGTGGTT,Klac
77,YMR317W,20,2,CATGCTTTTCGAAAAGTAGG,Kwal
78,ORC1,20,2,ATAACTTGGCGCCAAATTAG,Scer
79,YMR317W,20,2,CTATTGTGAGCACACAATAC,Kwal
80,SRB8,20,2,CTCAAAGTGATCACATTCAG,Clus
81,GAT1,20,1,GCCCGGCGGCGCCGTCGGGC,Agos
82,GAL2,20,2,CCAAACAATGCCTGGTTTGG,Sklu
83,LPG20,22,2,AGGTTGCAAGCTCTTGCACCCT,Cgui
84,UPS1,20,2,TATCTCCCCAGGGGGATATA,Ylip
85,PRE2,22,2,CCATCCCAGAATGTTGGGATGG,Scas
86,RPL14,20,2,GGCCCAAGCTCGCTTGCGCC,Sklu
87,STP1,20,2,TCCATTGCATATGCATTTGA,Klac
88,YFL054C,20,2,CAATTGACCTTGGTCAACTG,Clus
89,HMS2,20,2,AAGGGTCAATTTTGCCCCTT,Smik
90,FYV5,22,2,CTTCAAAGCCTTGGCTTTGTAG,Agos
91,BNR1,20,2,CATGTTGACGCGTCAACTTT,Spar
92,RPL37B,20,2,GCCTGGACACGTATCCTGGC,Spar
93,MON1,20,2,TATGGTTGGGCCCAATCAAA,Scer
94,YDR034C-A,20,2,ACCCGGATTCGAACCGGGGT,Scer
95,HXT3,20,2,TTCTACATCATGAAGGAGAA,Kwal
96,GAL2,20,2,GTTTACTCACAGGAGTAAAC,Sbay
97,ESS1,20,2,CAGCTTGTCGCTTCAAGCTG,Ncra
98,YBR056W-A,20,2,AAGTTTTGGCGTCAAAACAT,Cgla
99,ADE6,22,2,CGACTCGCTCCAGACCGAGTCG,Anid
100,PRB1,20,2,AATGCCACTGCAGTGGCTTA,Scer
101,ADH2,22,2,AAGAAAATCACGTGCTTTTCCT,Klac
102,RPL37B,20,2,TGCGAACTCGCGAGGACGCA,Agos
103,MAK3,22,2,AAGGCTCTCCATGGCAAGCCTT,Scer
104,CAF130,20,2,AGTGGCGGCCGGCCGCCAAA,Clus
105,YML131W,22,2,TCACCAACGTTAATGTTGGTCA,Anid
106,PGA18,20,2,CTCTTATCTGGAGACAAGAG,Scas
107,SER33,22,1,AGGTGGAGATACATCTCCACCT,Scer
108,SER33,20,2,AACGCTGCCCGTGCAGGGTT,Scer
109,PPH22,20,2,TGTCTTTGCTAGTAAAGACG,Sjap
110,ACO1,20,2,CCCCCAAAGGCTTTTGGTGG,Ylip
111,ORT1,20,2,TGATCGCCAATTGACCATCA,Cgui
112,PAU10,20,1,GGAAAAGGCATTCCTTTTCC,Scer
113,GAL2,20,2,CCGTTCGGTGCACCGAGCGC,Klac
114,MATALPHA1,20,1,GAGAGGACGTTCGTCCTCTC,Scas
115,YBR056W-A,22,2,GAAGAGCCATTTATTGCTCTTC,Cgla
116,RPL16A,28,2,AAATCTCCAAGCATGTGCTTGGAAATTT,Sbay
117,LIP8,20,1,GGGCGCGCCGCGGCGCGCGC,Agos
118,SBH2,24,1,GACAATTGATTCGAATCAATGGTC,Ylip
119,YOR338W,20,2,CTGATATCCATGGCTTTCAG,Anid
120,SER3,20,1,GGTGGAGATACATCTCCACC,Sbay
121,ADH2,20,2,TTATCTCCGAAAGGAGATAA,Lelo
122,KTI12,20,2,CCTTGCTTTCGCAAGCAAGC,Scer
123,SPG5,20,2,TCCCCATGTTATCATGAGGA,Clus
124,FPS1,20,2,AAGTACGCTCGAGGGTACAT,Scer
125,HTA2,20,2,TTGGTTTTGATGGAAACCAA,Sbay
126,ATG21,22,2,GCGACTGGGTTAACCGAGTCAC,Anid
127,SHM2,20,2,CTGGCACCAGCTGGAGACAG,Anid
128,YBR056W-A,20,2,AAAGTCGCCGCGACTACTTT,Scer
129,CDC6,20,2,AGTTTCCAGATCAGGAAATT,Scer
130,ZAP1,24,2,TGACCGAGACGTACGACACGGTCA,Ncra
131,GGC1,20,2,CGTGGCCGTCGACGATCACG,Agos
132,YOR338W,20,2,CCGGGTAACGCGTTCCCCTG,Scas
133,GAT1,20,2,GGGTCGCCGCGCCGCGTCCC,Kwal
134,YOR338W,24,2,TGCACCTCAGCTAGATAAGGTGCA,Smik
135,LPG20,20,2,GTATGGCATGCATCCCTTAC,Cgla
136,SEC4,20,2,TCTTTCGAAGCTTCCAAGGA,Soct
137,ELO1,22,2,TGACTTTTGGGCCCAAGAGGCA,Ylip
138,RNH203,20,2,ACCCCGGTTCGAATCCGGGT,Sbay
139,RPS42,22,2,ATAAGGGCTCCGTAGCCCTAAT,Calb
140,ZPS1,22,2,TACATCAGGTATACTTGGTGTA,Sklu
141,CIN1,24,1,AACACGCGGCGAGCGCCGCGTGTT,Spar
142,CIN1,20,2,ATGGACGGACGTCCCTTCAT,Spar
143,MDH3,20,2,GGCCGGAGTTAACGCCGGTC,Scer
144,VPS28,22,2,ATCCACTGAAGCTTCAGTGCTT,Ncra
145,RPP2B,20,2,ATTAGGGCTACAGCCCTAAC,Calb
146,MAK3,20,2,GTTTAACCCCGGGGAAAAAC,Calb
147,ELO1,20,2,AATTTCCTGATCTGGAAACT,Scer
148,PUS2,22,2,GGTTGTATTGCGAAATAGAACC,Scer
149,PGA18,22,2,AAAAATGAGGTACCCCATTCTT,Calb
150,VTC3,20,2,TCCCGAATTTGAATTCGGCA,Agos
151,YFR045W,20,2,TCAATCACTCGAGGGATTTA,Scer
152,YDR034W-B,20,2,ACCCCGGTTCGAATCCGGGT,Scer
153,DAS1,24,2,GTTGTTGCCGCCGCCGCCAACAAC,Ctro
154,SNA2,20,1,AAGGCCCAACGTTGGGCCTA,Scer
155,SNA2,20,2,GGGGCAACGCGCATTGTCCC,Scer
156,COX19,20,2,CTCAAATTCGCGGAGTTGAG,Scer
157,ENA2,20,2,GGAGCTAACATTTTAGTTCC,Clus
158,CIN1,20,2,GTGATCTCTTTAGAGATCAG,Anid
159,TPS3,20,2,AAGAACATCGCGATGCACTT,Sbay
160,AMO2,20,2,GCGGCCATGGACATGGCCTC,Clus
161,GRX3,20,2,ACCCCGGTTCGAATCCGGGT,Scer
162,REX2,20,2,TCTCCCTTTTAAAAGTGGGA,Smik
163,MPC2,22,2,TGCCGCATGCGCAGATGCGGCA,Agos
164,MAC1,20,2,CATTGCTAGATCTAGCATTC,Ncra
165,IFK2,28,2,GGGCTCGTCCCGGGCCCAGGACGGGCCC,Agos
166,ARP1,20,2,CGCGCGAACCGGCTCGCGCT,Sjap
167,HMS2,22,1,GCCCAGGCACCGGTGCCTGGTC,Agos
168,CKA2,20,2,AGTGAGCTCTAGATATCACT,Lelo
169,FPS1,20,2,CAATTGACCTTGGTCAACTG,Clus
170,SUR7,20,2,GGCCGCACGGCTGTGCGACC,Sbay
171,NBL1,20,2,TCGGGTTTCGCGGCACCCGA,Clus
172,DOA1,20,2,TTCTTCCCAATTGGTAAGAC,Spom
173,AGE1,20,2,AAGAAAGACCGCTCTTTCCT,Sbay
174,YMR074C,20,2,TGGTTCTACAAGGAGAACCA,Scer
175,RPL20B,20,2,GGCCCAGAAATTTTTGGCCC,Ncra
176,YBR056W-A,24,1,CAGGGCACGCTGCGGCGTGCCCTG,Klac
177,HXT3,20,2,TAGAATGTCCGGACATTTGA,Scas
178,ELO1,20,2,CTCTTGAGGCGCCAAAAGAG,Cpar
179,YBR238C,22,2,CCATTTTGACAGGTCAAAGTGG,Ctro
180,HMX1,22,2,AAAAATGAGGTACCCCATTCTT,Calb
181,HMLALPHA1,20,1,GAGAGGACGTTCGTCCTCTC,Scas
182,MAC1,20,2,CGCCAGAGTTTACTTTGGCG,Scer
183,RPS7A,20,2,TTTTCTCACCGCTGCGAAAA,Cgui
184,ENA2,22,2,GCTTATTTTGAGCAAAATACGC,Ctro
185,SVS1,24,1,ACTACAACGCCATGGCGTTGAAGT,Ncra
186,ISD11,20,2,TGTTTGGGAATTCCGCAACA,Scas
187,FBA1,20,2,TGACACACAATTGTGTCTCT,Soct
188,YOL019W,20,2,GGTTTCCCTCGAAGGAATCC,Soct
189,ALG3,22,2,GCTATTTTGTCGTCATAATAGC,Klac
190,BIO5,20,2,TCTAGGGCTGTAGCCCTAAA,Ctro
191,GRX2,24,2,CGGCCCCCTTCGCAAAGGGGCCCG,Scer
192,STP1,20,2,CTTACTTCCTACGGAGTAAG,Calb
193,MET32,20,2,TCACGTGACCGCGCACGTGA,Klac
194,CRD1,20,2,GAGAAGCTGTCCAGCTTCTG,Anid
195,SPG5,22,2,GAGTCCTTATCGATAAGGCATC,Ncra
196,EDS1,20,1,GGTCACGTGCACACGTGACC,Agos
197,YFL054C,22,2,CCGGAATATCATAATTTTCCGG,Scer
198,SFH1,24,1,CAGGGCACGCTGCGGCGTGCCCTG,Klac
199,RMT2,20,2,GGCATCACTGCAGTGGGGCC,Ncra
200,YPR063C,28,1,ACAACATTGGCGCGCACGCCAATGTTGT,Scer
201,TSC2,20,1,GTTAGGGCTATAGCCCTAAG,Calb
202,EFB1,24,2,ATCAATGCAGCATGCTGCATGCAT,Ylip
203,PHO88,22,2,CGCCTACCCCGCGGGGTGGGGG,Smik
204,PAU10,24,2,GTTGTTGCCGCCGCCGCCAACAAC,Ctro
205,KEL1,20,2,GCGTGTGTGCGCCCAAACGC,Smik
206,PCL2,20,2,TATTTCCCAATTGGGAAACT,Lelo
207,ATP6,20,2,CCGCCCCCCCCGCGGGGCGG,Scer
208,COQ6,22,2,GGGGTTATTAGTTAATAACTCC,Spar
209,HPF1,20,1,ACTGCGGGAAGTCCCGCAGT,Smik
210,ADH2,20,2,TCGGGCGAAATCTCGGCCGA,Kwal
211,HXT3,20,2,CTTGGCAAATATGTGCCAGG,Sklu
212,OAF3,20,2,ATTAGGGTTATAGCCCTAAC,Ctro
213,HMLALPHA1,26,2,TTGGGATGCAATTTATTGCTTCCCAA,Scer
214,ENA5,26,2,GATAATAGGGTCCGGACCCTCTCATC,Sbay
215,TIF4631,20,2,CTTGCTCATAAATAAGCAAG,Scer
216,MGA1,22,1,GCCCAGGCACCGGTGCCTGGTC,Agos
217,YML131W,20,2,TGGAAGCTCCGGAGCTCCAA,Ncra
218,ZCF38,20,1,ATTAGGGCTATAGCCCTAAC,Calb
219,SCT1,20,2,AGGCCACAGGCCCGAGGCCT,Sbay
220,RPH1,20,1,TATCACGTGTACATGTGATA,Klac
221,ZAP1,22,2,GTAGTTGACAGCAGTCATCTAC,Scer
222,SIT1,20,1,CAAGCGCCGTACGGCGTTTG,Smik
223,RPL16A,20,2,TTCTCTCTTTCAAGGGAGAA,Soct
224,MGA1,20,2,TTTGGACATATATCTCCAGA,Spar
225,ASM4,24,2,CCAGCCACTATCGATATTGGCGGG,Cgui
226,GAL2,20,2,TTCTACATCATGAAGGAGAA,Kwal
227,TPS3,20,2,CACCAAAAAGCTGTTGGGTG,Lelo
228,HPF1,20,2,ACTGCGGGAAGTCCCGCAGC,Sbay
229,RPS30A,20,2,TGGTATGTTATAAGATACCC,Lelo
230,AMO2,20,2,GTTTTTCCCCGGGGTTAAAC,Calb
231,FHN1,20,2,GGTTCAAAATGTATTGAACC,Sjap
232,GDB1,20,2,TATTTGCCCTAGGGTAAAAA,Scer
233,ENV10,20,2,TCGCCGTCACGTGCCGGAGA,Agos
234,POL5,20,2,TCTCCGTAAATTTTCGCAGA,Anid
235,YPR063C,20,2,TGGTGGAAAAATTTCCAACA,Calb
236,AGE1,26,2,TAAAGGACCCAAAGTTGGGTCCATTA,Clus
237,SPC42,20,1,ACTTTTTCGCGGGAAAAAGT,Spar
238,GAL2,20,2,GGACTGCGTGCACGCGGTTC,Sbay
239,AGE1,22,2,AGACTGAAGTACACTTCGGTCT,Cgui
240,EDS1,20,2,CAAAGGAATATACCCCTTTG,Scer
241,AUT7,22,2,AATTCGCCTCCGGCGGCTAATT,Sbay
242,IES5,20,2,GGAAAACTAGCTAGCTTCCC,Scer
243,RNH203,20,2,ACCCCGGTTCGAATCCGGGT,Spar
244,GRX3,20,2,ACCCCGGTTCGAATCCGGGT,Spar
245,YOR338W,22,2,GATGCCAGTATTTGCTGGCATC,Cgla
246,MATALPHA1,26,2,TTGGGATGCAATTTATTGCTTCCCAA,Smik
247,FCY21,20,2,TCCCAGAAGTATTTCTGAGA,Cgla
248,VPS71,20,1,CGCGCCATATATAAGGCGCG,Clus
249,VPS71,20,2,AAAGTTTCGCGCGAACATTT,Clus
250,SRP54,20,2,AGACCGGCAATTGCGGCTCT,Scer
251,SUR7,20,2,TTTCTCTGTATACGGGGAAA,Cpar
252,SUR7,20,2,GCTGGTATTGCAATAGCAAC,Cpar
253,MLH3,20,2,ACCACCGGAATTGCGGTGTT,Cgui
254,GRX2,24,2,CGGCCCCCTTCGCAAAGGGGCCCG,Smik
255,GTT2,20,2,GGTGCTCTATATAAAGTACC,Scer
256,VID27,20,2,TCTTTACCACTTGGTGAAGA,Spar
257,PHO88,20,2,TTTGGCGGCCGGTGGCCAAA,Scer
258,TFB6,20,2,ACCGTTGCCATGGCTACCGT,Scer
259,RPS23A,20,2,AAAGTACTTGCAACTCCTTT,Spom
260,HMLALPHA2,26,2,TTGGGAAGCAATAAATTGCATCCCAA,Spar
261,YML131W,20,2,TTTGGGAATTATTTCCCAAC,Spar
262,YML131W,20,2,CGCTCATTACGTAATGACGG,Spar
263,XUT1,20,2,CGCGCTGTTCGTACAACGCG,Scer
264,TPS3,20,2,AGAGTTGCAATTGCCAGTCT,Scer
265,FHN1,20,2,TTCGATACCCGACTATCGAA,Sklu
267,GAL2,20,2,CCCCAGAAATATGTATGGGG,Sbay
268,AGE1,20,2,AAGAAAGACCGCTCTTTCCT,Spar
269,MET32,20,2,CCTTGAAAAGCTTTTGATGG,Smik
270,YOR338W,24,2,TGCACCTCCGCTAGATGAGGTGCA,Scer
271,ISD11,20,2,CGCATTGGATATTCAATTCG,Scer
272,HXT3,26,2,TCCTGCCAAGCCCGGGCTGGGGAGGA,Cgla
273,GIS4,20,2,CACCTGCTACGAAGCCGGTG,Spar
274,YNL011C,20,2,TTGTTCCCTCGAGGTAATAA,Scer
275,MAM3,22,2,TCGCTCCTCTCGAGAGCATCGA,Anid
276,BPL1,22,2,GTTTGCCAAACGTTGGGTAAAC,Scer
277,RPL16A,22,1,GATTAGGGCTATAGCCCTAACC,Calb
278,YPR063C,28,1,AGACAATATTGGCACGCCAATATTGTCT,Spar
279,MIP6,20,2,ACCCCGGTTCGAATCCGGGT,Scer
280,GRX3,20,2,CGTCTTTACTAGCAAAGACA,Sjap
281,YML131W,20,2,AGTATGAACTAGCTCATACC,Clus
282,PAC1,20,2,ACGGTAGCCATGGCAACGGT,Scer
283,COX19,20,2,GCGCGCGTCGCGATGCGCGG,Agos
284,GRX2,20,2,TTCCTGGGATATCCCAGCTA,Anid
285,LPG20,20,2,GGGCTGCAATAGAGCAGCCC,Sklu
286,GAL2,20,2,TTTCCGGGGTTCCCCGGAAC,Cgla
287,GAL2,20,2,GTTACTCCCTAGGGAAAAAC,Cgla
288,YDL186W,24,2,ATTACCCGGTCATGTCAGGGTAAT,Scer
289,ENA5,22,2,GCTTATTTTGAGCAAAATACGC,Ctro
290,SVS1,20,2,TGTTTGGGAATTCCGCAACA,Scas
291,LPG20,20,2,TCGTTGACCGCTTTCAACGA,Cgui
292,RPS24,20,2,CGCGCTGTTCGTACAACGCG,Scer
293,RPS4A,20,2,CTCAGGGCTATAGCCCTAAT,Calb
294,CKA2,22,2,GTGGTTTAATTAATGACACCAC,Scas
295,TRY3,20,2,GGGTGCATTATAAAGCACAC,Lelo
296,YFR045W,20,2,CATTGCCAGCGGTGGGAATG,Cgla
297,MIP6,20,2,ACCCCGGTTCGAATCCGGGT,Sbay
298,TRX1,20,1,AACACTGTTTAAACAGTGTG,Scer
299,HMLALPHA1,26,2,TTGGGATGCAATTTATTGCTTCCCAA,Spar
300,NBL1,20,2,AATTTCCTGATCTGGAAACT,Scer
301,TSC2,22,2,AGGGTTTACGATCTCAAACCCT,Anid
302,SEC4,20,2,GGCGGGGCCCGGGCGCGGCC,Agos
303,PGA1,22,2,TGCCGCATGCGCAGATGCGGCA,Agos
304,IGD1,20,2,TAGTTGTATCGATACACCCA,Spar
305,FBA1,20,2,GTTTTTCCCCGGGGTTAAAC,Calb
306,MAL2,22,2,GTGGTTTAATTAATGACACCAC,Scas
307,SBH2,20,2,CGGGTACCACGGGTTACCCG,Scer
308,COQ6,20,2,TTCCCTCATCGATAATGGAA,Cgla
309,FUN19,20,2,CCGGGTAACGCGTTCCCCTG,Scas
310,GRX3,20,2,CACGTGTATGCACCCACGTG,Ctro
311,GRX3,22,1,TTTTGTTGTGGCCACAACCAAA,Ctro
312,GRP1,20,2,TTCTTCCCAATTGGTAAGAC,Spom
313,RPS30A,20,1,GATCCGTTGGCGAACGGATC,Soct
314,CIN1,24,2,GGCGTTTGTGCCGGCCCAAACCCC,Scas
315,PCL1,20,2,ATCGGGAAATATTTCCCAAA,Scer
316,HMS2,20,0,AAAAAGTGGGCCCACTTTTT,Cpar
317,HXT3,20,2,CCAAACAATGCCTGGTTTGG,Sklu
318,TPS3,20,2,GCCATCGTCATGACGATTTC,Smik
319,LPG20,24,2,CGGTCTCGGAGTCCTCGGAGACCG,Cgui
320,SIT1,20,2,ATAGACACAATTGCGGCTAT,Sklu
321,GPM1,20,2,TGAGGTGAAATTTCAGCTGA,Scer
322,AMO2,20,2,CTGGGGCTCCGCAGCCCCAT,Agos
323,ADH2,20,2,CCAGATCTTGCAACATATGG,Clus
324,SNF12,20,2,GCAAAGCGGCGCCGCGGTGC,Agos
325,ZPS1,20,2,CCACACAGATAGCTGCGTGG,Klac
326,IGD1,20,2,GTACCGAGACGTCTACGTAC,Kwal
327,IGD1,20,2,GTACTGAGACGTCTACGTAC,Kwal
328,MATALPHA1,26,2,TTGGGATGCAATTTATTGCTTCCCAA,Scer
329,TPS3,22,1,GTGCGTATATATATATACGCGC,Agos
330,ISD11,24,1,ACTACAACGCCATGGCGTTGAAGT,Ncra
331,LPG20,20,2,ATTTCCTTACGTAAGGTAAG,Sbay
332,RPS23A,24,2,TCCGCTGGTTCGCGCACCCGCGGA,Clus
333,SUR7,20,1,GCATTCGAAGCTTCGAAAGC,Scer
334,HXT3,20,2,GGGTTAACAATTGGTAACCG,Soct
335,RPS19A,20,2,TTGGACAACGCGTTGTCAGA,Sklu
336,ARG81,20,2,CGGGTGCACTAATGTACCCG,Agos
337,SRB8,20,2,ACATCACAGCGTTGTGCTGT,Ncra
338,SRB8,22,2,GTCCACTCGACTTCGACTGGAC,Ncra
339,YOR365C,20,2,GCTATGGAGCGATCCATATC,Scer
340,TIF4631,20,2,TTTTGGGGATATGCCCAAAG,Ylip
341,EDS1,20,2,GTAGAAGCAATTGCTCCTTC,Smik
342,ATG11,22,2,AAGGCTTGCCATGGAGAGCCTT,Scer
343,BET3,20,2,ACGCCGTTATATATCGTCGT,Ylip
344,HMLALPHA2,26,2,TTGGGAAGCAATAAATTGCATCCCAA,Scer
345,YMR317W,26,2,CGTCCGGGGCTCTAGAGCACCGAACG,Sklu
346,SHM2,20,2,GGGAAAAGGGCCCGTTTTCC,Ylip
347,SHM2,20,2,TGTGCAGTTATAACTCCACG,Ylip
348,PCL1,20,2,ATCGGGAAATATTTCCCAAA,Spar
349,HTA2,20,2,ACAGCTCACGCGTAAGGTGT,Spar
350,HMX1,20,2,CTCTTATCTGGAGACAAGAG,Scas
351,PCL1,22,1,TGCGATGGGCGCGCGCATCGCA,Cgui
352,GPI14,20,1,AGCAGTCAAAATTGACTGCT,Scer
353,HXT3,20,2,GGACTGCGTGCACGCGGTTC,Sbay
354,SUR7,20,2,GCCCAGCGCATGCCCTGGGT,Sbay
355,PAU17,24,2,CAGTAGATAAGTACCTACCTACTG,Ncra
356,RMT2,24,2,ACCCAGCAGTTGCAACGGCTAGGT,Scer
357,HXT3,20,2,CCGTTCGGTGCACCGAGCGC,Klac
358,PRB1,28,1,GGAGCGGGGCCGCGCGCGGCACCGCTCC,Sbay
359,PAU10,20,2,CCTCAAAAAAATTTTTGGGG,Lelo
360,GAL2,20,2,GGGTTAACAATTGGTAACCG,Soct
361,RSM24,20,2,CTAAAGCTTCGCAGCTTTTG,Cpar
362,PET309,20,2,GATCCCAGAATTCTTCGATC,Spom
363,MPE1,20,2,CAGTCGAATTAATTCGTTTG,Sjap
364,COQ6,22,2,TAAGGCGATTATCACCGCCTTA,Sbay
365,YFL054C,20,2,AAGTACGCTCGAGGGTACAT,Scer
367,IDP3,24,2,GCCGCGGGCCGCGCGCCGCGCGGC,Agos
368,RPS24,22,2,ATTAGGGTTACTTAGCCCTAAT,Ctro
369,YOL019W,28,0,TCATAGGCGAAATTAATTTCGCCTATGA,Sjap
370,ADH2,22,0,TCTCCAACTTATAAGTTGGAGA,Scer
371,ADE6,20,1,TCTTAGCGATATCCCTAAGA,Scer
372,EDS1,24,1,AGCTCCGCCCGCGCTGGCGGAGCT,Agos
373,ZCF38,20,2,TCTGGAGATATATGTCCAAA,Smik
374,SIP4,20,0,AGGCAGAAAGCTTTCTGCCT,Scer
375,STH1,24,2,GTCACGTGTTCTATACCACGTGAC,Smik
376,RPL14,20,2,CTCACCTCTGCTGAGGTGAA,Klac
377,AIM34,20,2,GGCATCACTGCAGTGGGGCC,Ncra
378,ENP1,20,2,CAAGGGGAGTACTCCTCTTA,Kwal
379,RPS42,20,2,CGCGCTGTTCGTACAACGCG,Scer
380,PCL2,20,1,AGGTTCGGTACACCGAACCT,Sbay
381,YML131W,20,2,TGGGTCTATCGATAAACCAA,Cgui
382,ACO1,20,2,GCATTTCGGCGCCGAAATCG,Scer
383,YDL124W,24,2,GTGCAGCCACTCGCGTGGCTGGAC,Clus
384,RPS30A,28,1,GGGTATGGGTGTTCTAACACCCATACCC,Cgla
385,RPS30A,22,2,ATTCCAAGAGCCCTCTAGGAAT,Cgla
386,CRD1,20,2,GACGCCTGGCGCCAGACGGC,Ncra
387,ADH2,22,0,TCTCCAACTTATAAGTTGGAGA,Smik
388,ENA2,20,2,ATATCACCGCGCGGTGTAAT,Scer
389,ATG21,20,2,CATGCTTTTTAACAAGCGTG,Scer
390,FUN19,24,2,TGCACCTCAGCTAGATAAGGTGCA,Smik
391,UBP15,22,0,TCTCCAACTTATAAGTTGGAGA,Scer
392,RPS6A,22,2,ATCCTAGTACCGGTACTTGGGT,Ylip
393,RFX1,26,2,CCACGAGTTTGGAATCAAACTCGTGG,Scer
394,RPS6A,20,2,TGGGAAACTCCAGTATCCCA,Sbay
395,FUN19,22,2,GATGCCAGTATTTGCTGGCATC,Cgla
396,FHN1,22,2,GAGGTGCATGGCCATGCAGCCC,Ylip
397,RPS24,22,2,ATAAGGGCTCCGTAGCCCTAAT,Calb
398,HTB2,20,2,ATAGTAAACCGGTTTACCAC,Klac
399,YGR161W-C,20,2,ATCTGTAGTATACCACAGAG,Scer
400,SPG4,24,2,GGCGGTTGATGGACATCAGCCGCC,Scer
401,LYS21,20,2,ATTCGGTAAATTTACCCAAC,Calb
402,DCD1,20,2,CATATGCTCAGGAGTATATG,Sjap
403,YBR238C,20,2,ATTTTGGCGTTCGGCAAAAT,Dhan
404,RHB1,20,2,ACCCCGGTTCGAATCCGGGT,Scer
405,YDL218W,20,2,AAAGGGGATATATACCCTTA,Scer
406,HOM3,20,1,AGTTGTCCTCGAGAACAACT,Calb
407,EMG1,20,2,CCGGCCGCAGTTGCGGCCGC,Clus
408,CDC20,20,2,TTGTGTCCAATTGGAAAGAA,Scer
409,YML131W,20,1,GGAGAAAATTAATTGTCTCC,Scer
410,HXK1,28,0,GTACTGGTGGGTGTACACCCACCAGTAC,Cgla
411,HSP82,20,2,GCGTGTGATATATCACATTC,Scer
412,ABP1,20,2,CCTCAAAAAAATTTTTGGGG,Lelo
413,IDP3,20,2,AATTTGAAGGCCCTCAACTT,Kwal
414,GPI14,22,2,AACCTCAACAATAGTTGTGGTT,Klac
415,ATG9,22,2,GTGGGCATAAATCTTTGCCCAC,Ctro
416,GRX3,20,2,ACCCCGGTTCGAATCCGGGT,Sbay
417,LEU1,20,1,CGGTACAGGCGCCGGTACCG,Dhan
418,RPS16A,22,2,GCGCAGCCGGGCCCGCCTGTGC,Agos
419,PCL2,20,2,CATGCAGGTATAGCTGCAGG,Sbay
420,PPH22,22,2,GTGCCACAATATTTTGTGACAC,Smik
421,RPL21A,20,2,AGTAAAGTCATGACTGTGCT,Scas
422,YMR317W,20,2,TAGTTGTATCGATACACCCA,Spar
423,DOA1,20,2,TACGCTTGGCGACAAGAGTA,Calb
424,MATALPHA2,26,2,TTGGGAAGCAATAAATTGCATCCCAA,Smik
425,RPS16A,20,2,TCTAGGGCTATAGCCCTAAT,Calb
426,RPL21A,20,2,CCTGCTGGGATCCCAACAGC,Spar
427,PPH22,22,2,CGAAGCGACTATATTCGCTACG,Agos
428,UBX2,28,1,GGCTGTGGTCGTCACGACGACCACAGCC,Cgla
429,PFA4,20,1,ACTTTTTCGCGGGAAAAAGT,Spar
431,AIM24,20,2,GTGTATGAGTATACATACAC,Cgla
432,MIP6,20,2,ACCCCGGTTCGAATCCGGGT,Spar
433,PML1,20,2,CCGGGTAACGCGTTCCCCTG,Scas
434,MIP6,20,2,GGCGAATGTGCGAATTCGCC,Agos
435,VPS15,20,2,CCACTTGAAAGTTCAAGCGG,Lelo
436,ADH2,22,2,AGGGAAACATATCGGTTTCCCT,Scas
437,RPH1,20,2,CCTGAAGTAGCTACTTGCGG,Scer
438,TLO1,20,2,CGAAGTTGACCTCAACTTCC,Anid
440,ALG3,20,2,TCTAGGGCTGTAGCCCTAAA,Ctro
441,EDS1,20,2,AGGTACCTCTTGAGGTAGCT,Ncra
442,EFB1,22,2,GAAGAGCAATAAATGGCTCTTC,Cgla
443,BNA5,20,1,ACGACGTCAATTAACGTCGT,Scer
444,YAT1,20,2,CTACCCGTATATCCAGGTAG,Dhan
445,AIM24,20,2,TCCAAATGCGCGGATTTTGA,Spar
446,MEX67,20,2,ATTCAAGTAGCTACTAGCAT,Agos
447,ZCF38,20,2,TCTGGAGATATATGTCCAAA,Scer
448,ZCF38,20,2,GGACTGGCCCTGGCAAGTCC,Scer
449,HMLALPHA1,26,2,TTGGGATGCAATTTATTGCTTCCCAA,Sbay
450,SER3,28,1,GATAGGTGGAGATACATCTCCACCTATC,Spar
451,RRG9,20,2,TTGTTCCCTCGAGGTAATAA,Scer
452,OAF3,20,2,CGCAGCCCGGCAGGGCCGCG,Agos
453,BNR1,20,2,TGCTCGTCGATCGTCGGGCA,Agos
454,TSR1,22,2,ATAAGGGCTCCGTAGCCCTAAT,Calb
455,RPS16A,20,1,TTCGTTCCAGCTGGAAGGAA,Sbay
456,RHB1,20,2,ACCCCGGTTCGAATCCGGGT,Smik
457,EMG1,20,2,GTTACCAGATATCTAGTCAC,Scer
458,ULP1,20,2,CCAGATTTTCGAAAATTCGG,Clus
459,MAC1,20,2,TACGGAATACGTAATACGTA,Calb
460,SDH5,22,2,GTGTTTCAGTATACTCCAACAC,Scer
461,MEC1,20,2,GGAAATACTCGAGTTTTTCT,Sjap
462,HMLALPHA1,26,2,TTGGGATGCAATTTATTGCTTCCCAA,Smik
463,RPL14,22,2,TGGTTGTTATCGATAAGACCCA,Ncra
464,DRE2,22,2,GTTCGGCGTAATTAGGCAGAAC,Ylip
465,SPG5,20,2,TGGAGAGAAGCTTCTCTTCC,Scer
466,SPG4,20,2,ATCTGGGTCTAGGCCAAGAT,Klac
467,NBL1,20,2,CTTGTGCCAATTTCCACAAG,Ctro
468,AMO2,20,2,TGACACACAATTGTGTCTCT,Soct
469,MAL2,20,2,AGTGAGCTCTAGATATCACT,Lelo
470,GAL2,20,2,CTTGGCAAATATGTGCCAGG,Sklu
471,SGS1,20,2,GGTTCTGTAATATCAGAACC,Clus
472,YDL186W,22,2,GTGTCACAAAATATTGTGGCAC,Smik
473,TPS3,20,2,TGGCAGTGTATACACTGTCC,Kwal
474,BET3,20,2,AGCCTTAAAGCCTTATGGCT,Cpar
475,PML1,20,2,CTGATATCCATGGCTTTCAG,Anid
476,AIM34,24,2,ACCCAGCAGTTGCAACGGCTAGGT,Scer
477,ADH2,22,2,CGTGAAGCTGCCCATCTTCACG,Spar
478,MATALPHA2,26,2,TTGGGAAGCAATAAATTGCATCCCAA,Scer
479,FCY21,22,2,AACCTCAACAATAGTTGTGGTT,Klac
480,SGS1,20,2,GGAAGAGAAGCTTCTCTCCA,Scer
481,MGA1,20,2,TCAATACTTCGGAGGATTGA,Dhan
482,HNT1,20,2,AGACAAGGAAATCCATGTCT,Ctro
483,ERP4,20,2,AGGAACTGCAGGCAATTCCT,Ncra
484,BIO2,20,1,TCTTGAGTCATGACTCACGA,Cgui
485,BIO5,20,2,TAGAAAGCCTAGGGTTTTTA,Sjap
486,GAL2,20,1,GGGTGCTTTATAAAACACCC,Scas
487,TMA17,22,2,CCGGAATATCATAATTTTCCGG,Scer
488,GIS4,20,2,CACCAGCTACGAAGCCGGTG,Scer
489,RPL14,20,2,AGTCGCGGCTAGCCGCAATT,Kwal
490,SER33,20,1,TGTGGAGATTAATCTCCACC,Scas
491,STH1,24,2,GTCACGTGTATACATTCACGTGAC,Scer
492,LPX1,20,2,CGGCGCGGCCGGCCGCGATG,Agos
493,AGE1,22,2,GGACCTGTGTGGCCACAGGTCC,Agos
494,RPS19A,20,2,TGCAAATGAGCCAATTTGCA,Clus
495,SER3,28,2,GATAGGTGGAGATACATCTCCGCCTATC,Smik
496,HXK1,20,2,TAATCAGTAGCTACTGGTTG,Smik
497,HNT1,20,2,CAAAACAGCGTGCCGTTTTG,Scer
498,SPC42,20,2,TTTTTTGCAGCGCCAAAAAA,Scer
499,ZCF38,20,2,CTCAGGGCTATAGCCCTAAT,Calb
500,CRD1,20,2,TTCGATAGTCGGGTATCGAA,Sklu
501,BNA5,28,0,CCGCCCGCAGGCGGCCGCCTGCGGGCGG,Agos
502,RPS23A,20,1,GTTAGGTCTATAGCCCTAAC,Calb
503,BPL1,20,2,GGTTCAAAATGTATTGAACC,Sjap
504,SIL1,22,2,ACCACGGTGCCGACATCGTGGT,Kwal
505,VPS71,20,2,TGCAGCGGTGCACCGGTGTA,Cgui
506,SER33,28,1,GATAGGTGGAGATACATCTCCACCTATC,Spar
507,GAL2,22,2,CTTCCCATCTCAAGATGGGGAG,Scer
508,ADH2,20,2,CGTACGGGAATTCCCGAAGG,Kwal
509,ELO1,20,2,TCGGGTTTCGCGGCACCCGA,Clus
510,SEC24,20,2,TTAGATTCACGTGACTCTTA,Ylip
511,SER3,20,1,TGTGGAGATTAATCTCCACC,Scas
512,RPS19A,22,0,AATTAGGGCTATAGCCCTAATT,Calb
513,MRH4,20,1,TGTTGTAAACGCTTACAACA,Clus
514,YBL055C,22,2,TTCTCAGCGATATTGCGGAGAA,Anid
515,RPL38,20,1,GTTAGGGCTATAGCCCTAAG,Calb
516,OXA1,20,2,ACTGCGGGAAGTCCCGCAGC,Sbay
517,TOM40,20,2,ACGACGGATATATTCGGCGT,Scer
518,VPS62,20,2,GTAACACCTATAGGGGTTCC,Scer
519,ATG11,20,2,ACCTCGAAAGCTTTAGAGGA,Lelo
520,SFH1,22,2,GAAGAGCCATTTATTGCTCTTC,Cgla
521,REG1,20,2,CTGATCCAAATTTGCATCAA,Soct
522,TAF1,20,2,GGTCAGTGCATGCGCTGACT,Ylip
523,MON1,20,2,TAGCTCTCCGTGGAAAGCTA,Sbay
524,LPG20,20,2,ACAACTTCAACTGAGGTTGT,Scas
525,MGA1,20,2,TTTGGACATATATCTCCAGA,Smik
526,RRT14,20,2,GGGCCAAAAATTTCTGGGCC,Ncra
527,FYV7,22,2,GTGTTTCAGTATACTCCAACAC,Scer
528,YOL019W,22,2,CAGCGATATTGCATTGTCGCTG,Scer
529,ADH2,22,2,AGGTCTTAAACGGTTAACACCT,Klac
530,IDP3,20,2,GGATTTAGCATGCTTAATGC,Scer
531,MES1,20,2,ATGGTGTACCGGTGTACCAT,Clus
532,PML1,20,2,TGAATTGCACGTGATATTCA,Klac
533,CTK1,20,2,GTTCCTCGAGCTGGAGGTAC,Agos
534,CTK1,20,2,TCGGTCAATTAGTTAACCGA,Sjap
535,GIM4,20,2,CCAGAAGGTGTCCCTTCTGG,Anid
536,YJL055W,22,2,GTAGATGACTGCTGTCAACTAC,Scer
537,HUA1,22,2,TTCCCCCTTTTAATAGAGGGAA,Scer
538,HTB2,20,2,ACACCTTACGCGTGAGCTGT,Smik
539,NBL1,20,2,ATTTTCCCGATCTGGAAACT,Smik
540,RPH1,22,1,GCGCCGGGGCGGGCCCCGGCGC,Spar
541,BIO5,20,2,CCAGACCAATAGTGGACTGG,Anid
542,PHR1,22,2,GTGAAAGTATGCTTACTTTGAC,Scer
543,VID27,20,2,GAGATAAACCTGTTTCTCTC,Ctro
544,EDS1,20,2,TCTGCCTACCTCTAGGCAGA,Sbay
545,SHP1,20,2,ACCACCAAACGTTTGGTGAC,Ncra
546,HMX1,20,2,CCCGAATTCGCAAATTCGGA,Dhan
547,ENV10,20,2,ATTATAGTGGCCACTCTTAT,Scer
548,TOM40,20,2,GGGCTACACTAGTGTGTCCC,Ncra
549,HXT3,20,1,GGGTGCTTTATAAAACACCC,Scas
550,LIP3,20,2,GGGAAAAGGGCCCGTTTTCC,Ylip
551,LIP3,20,2,TGTGCAGTTATAACTCCACG,Ylip
552,PPH22,24,2,ATTACCCTGACATGACCGGGTAAT,Scer
553,AGE1,20,2,TGAGAATCGGCGGATTCCCA,Anid
554,SPC3,20,2,ACAAAGCTAGCTAGCATTGC,Scer
555,IGD1,20,2,ACCTCAATATAAATTGAGGC,Spar
556,PML1,24,2,TGCACCTCAGCTAGATAAGGTGCA,Smik
557,ADH2,20,2,CGCTCATGTCGACATGTGCT,Lelo
558,TES1,22,2,GAATGTTGTTGCATCAACAGTC,Cpar
559,ADH2,20,2,TCCAGCTTTGCAAAGCTTGC,Cpar
560,AIM34,24,2,GAGAGATTGGCATACCAATCCCTC,Sklu
561,ORM1,20,2,CGGATGCGGTCACGCATCCG,Spar
562,PML1,22,2,GATGCCAGTATTTGCTGGCATC,Cgla
563,PHO85,22,2,TGCCGCATGCGCAGATGCGGCA,Agos
564,RPS4A,20,2,TCTGGAGATATATGTCCAAA,Spar
565,FCY21,20,1,AGCAGTCAAAATTGACTGCT,Scer
566,YML131W,20,2,GGAACATGAATTCAGGGTCC,Cgui
567,YMD8,20,2,CGGCGCGGCCGGCCGCGATG,Agos
568,PHO88,22,2,CGCCTGCCCCGCGGGGTAGGGG,Spar
569,PHO88,20,2,TTTGGCGGCCGGTGGCCAAA,Spar
570,RPL16A,22,2,GCGGGAACTCTAGAGCTCGCGC,Scas
571,RPS4A,20,2,TCTGGAGATATATGTCCAAA,Scer
572,RPS4A,20,2,GGACTGGCCCTGGCAAGTCC,Scer
573,RPL37B,20,2,GACAGTGTGATCACACTTAC,Lelo
574,HNT1,20,2,TGGAGTCATATTTGACTCCT,Scas
575,ADP1,28,1,GGCTGTGGTCGTCACGACGACCACAGCC,Cgla
576,HMS2,20,2,AAGGCTCATCGATGAGTATT,Smik
577,MPE1,20,2,GGTGGTATAATAATACGACC,Smik
578,UBP15,22,0,TCTCCAACTTATAAGTTGGAGA,Smik
579,RVS161,20,2,GTGTATGAGTATACATACAC,Cgla
580,VAN1,22,2,AATTTATCTCCGGAGAGGAATT,Scer
581,MATALPHA1,26,2,TTGGGATGCAATTTATTGCTTCCCAA,Spar
582,YOR365C,22,2,GTCCGCGTCACGTGACGCCAAC,Ylip
583,RPL38,22,2,AGGGTTTACGATCTCAAACCCT,Anid
584,YBL055C,20,2,ACGGCAGTGTGCACTGCAGT,Ncra
585,YAT1,22,2,GTCCGCGGTCATCCCCGCGGAC,Scer
586,YOL019W,20,1,GCCGGGTCCGCGGACCCGGT,Agos
587,YML131W,20,2,CGGCTCATGCGCATGAGCAA,Clus
588,TMA17,20,2,CGTAAATCATGTGATTCACG,Ylip
589,GTT2,20,2,CATATAGGAGCTCCTAAATT,Lelo
590,YMR074C,20,2,GCATCAGGATATCTTCATGC,Anid
591,YMR074C,20,2,TGGTTCTACAAGAAGAACCA,Spar
592,ARG81,20,2,TCCCTTTGAAATCAATGGGA,Cpar
593,ZCF38,20,2,TTTAGGGTTATAGCCCTAAC,Ctro
594,GIS4,20,2,GGTTACAGCTAGCTGAAAAC,Klac
595,YPT10,26,2,AAATGCAGAGAAACTCCTCTGCATTT,Scer
596,HXT3,20,2,CCCCAGAAATATGTATGGGG,Sbay
597,CKA1,22,2,GTGGTTTAATTAATGACACCAC,Scas
598,QDR3,20,2,CCTGAAGTAGCTACTTGCGG,Scer
599,ORM1,20,2,CGGGTAATTGCAATCACCCT,Dhan
600,LIP8,20,2,GGGAAAAGGGCCCGTTTTCC,Ylip
601,LIP8,20,2,TGTGCAGTTATAACTCCACG,Ylip
602,SER33,20,1,GGTGGAGATACATCTCCACC,Sbay
603,LPG20,20,2,GTTGGGTAAATTTACCGAAT,Calb
604,DAC1,20,2,ACGGACCAGCCCCGGTCCGT,Ncra
605,HMS2,20,2,GGACTTGCCAGGGCCAGTCC,Scer
606,HMS2,20,2,TTTGGACATATATCTCCAGA,Scer
607,FUN19,24,2,TGCACCTCCGCTAGATGAGGTGCA,Scer
608,SIT1,20,2,GTACTTGGAATGCCAAGTAA,Klac
609,HTB2,20,2,ATCACCGACGCGTATGTGAT,Dhan
610,TMA17,20,2,AAGTACGCTCGAGGGTACAT,Scer
611,GRX2,20,2,GTCGGAAAGGCCTTTGCGTC,Ncra
612,ULP1,22,2,GCAATGTATTTCAATGCATTGC,Cpar
613,PRB1,22,2,CTTCTCATTTGAAAAGGAGAAG,Kwal
614,ALG3,20,2,ATTAGGGCTATAGCCCTAGA,Calb
615,PRB1,20,2,AAAACCACTGCAGTGGCTTA,Smik
616,MGA1,20,2,AAGGGTCAATTTTGCCCCTT,Smik
617,ESS1,20,2,ACCTGAATGATCATTGTGGT,Scer
618,ACO1,20,2,CTGTTGTTGATCCACAACTG,Cpar
619,EFB1,20,2,ACCCACTATATTTAGTTGGT,Scer
620,REX2,22,2,AAGGAGAAAAATGTTTCTCCGT,Cpar
621,HTA2,20,2,ACAGCTCACGCGTAAGGTGT,Scer
622,HXT3,20,2,GACAAAGACGCTTGTTTGTC,Klac
623,HMS2,20,2,CAGAAGATCTAGATCTCCTT,Scer
624,HXT3,20,2,GTGTAGTTTGAAAAGTACAC,Scer
625,HXT3,22,2,GGAGGTCATTATACTGACCGCC,Scer
626,YMR317W,20,2,GTACCGAGACGTCTACGTAC,Kwal
627,YMR317W,20,2,GTACTGAGACGTCTACGTAC,Kwal
628,RHB1,20,2,ACTACAAAGTACATTGTGGT,Lelo
629,EFB1,24,1,CAGGGCACGCCGCAGCGTGCCCTG,Klac
630,SER3,22,1,AGGTGGAGATACATCTCCACCT,Scer
631,SER3,20,2,AACGCTGCCCGTGCAGGGTT,Scer
632,YEL057C,20,2,TAGGCTTAATATTAAGCGGA,Scer
633,YMR262W,20,2,AGACTGGCAATTGCAACTCT,Scer
634,IDP3,20,2,TCCCCAATCCGGATTAGAGA,Cgui
635,IDP3,22,2,CCGGGGTATATATATAAGCCGG,Cgui
636,CDC6,20,1,CCGCCAAAACGTTTTGGAGG,Kwal
637,FPS1,20,2,AGCCAAAACAGGTTTTTGCT,Smik
638,HXT3,20,2,GTTTACTCACAGGAGTAAAC,Sbay
639,ALG3,20,2,TAGAAAGCCTAGGGTTTTTA,Sjap
640,CDC20,20,2,TGCACCTTCTAGAAGCTGCG,Clus
641,HTB2,20,2,CGTAGTATATATCTCCTACG,Spar
642,DRS1,20,2,GCTGACAGCGGGCTTTCAGC,Spar
643,LIP3,20,2,CTGGCACCAGCTGGAGACAG,Anid
644,RPL16A,20,2,GCACGGCCTGAGGGCCGTGC,Sjap
645,ENV10,20,1,CCGTGAATGATCATTCATGG,Smik
646,HOM3,20,2,AGGTTTGAAAATTCCAACCT,Ylip
647,GPM1,28,1,ACCCGGATGCAACATATTGCATCCGGGT,Klac
648,CLP1,20,2,TAAAGGGCGATCTCCCTTTC,Scer
649,INO4,20,2,TGGTGTGAAATTTCAGACTA,Ncra
650,TRX1,20,1,TTGGTGTTCTAGAACAACAA,Cgla
651,TSR1,20,2,CGCGCTGTTCGTACAACGCG,Scer
652,TPS3,20,2,CTTATTGTGATCACAACTAG,Calb
653,RVS161,20,2,TCCAAATGCGCGGATTTTGA,Spar
654,SER33,22,1,TGGTGGACGTTAAAGTCCACCA,Agos
655,NGG1,22,2,CGGAACTCATTAAAGAGCTCCG,Scer
656,RPP2B,20,2,CTAGGCGGAGCTCTGCCTGG,Kwal
657,ORM1,20,2,TACCCGACAACTATCGGGTA,Scer
658,ESS1,20,2,GGAGCTCTAGCTAGAGCTTG,Cgui
659,OAF3,20,2,CCTGCTGGGATCCCAACAGC,Spar
660,REV3,20,2,GTGACAGCTCTCGCTGTCAC,Anid
661,RMT2,24,2,GAGAGATTGGCATACCAATCCCTC,Sklu
662,RPS42,22,2,ATTAGGGTTACTTAGCCCTAAT,Ctro
663,CTK1,20,2,TTTTTGGCCTAGGACAATAA,Spar
664,MGA1,20,2,AAGGCTCATCGATGAGTATT,Smik
665,FPS1,20,2,CGTAAATCATGTGATTCACG,Ylip
666,VPS28,20,2,GGGTGCATTATAAAGCACAC,Lelo
667,ENA5,20,2,GGAGCTAACATTTTAGTTCC,Clus
668,MGA1,20,2,CGACTTGGCAAGCCAAGTAG,Sjap
669,RPS19A,20,2,GTTCCTCCCTGGGGAAGAAC,Klac
670,ATG11,22,2,ATCGAGCCTCTTGAGGTTCGAT,Clus
671,YOR365C,20,2,GCCCCTAAGATCATACGGGC,Clus
672,PUN1,20,2,ACCCGGATTCGAACCGGGGT,Scer
673,ELO1,20,2,ATTTTCCCGATCTGGAAACT,Smik
674,RPS4A,20,1,ATTAGGGCTATAGCCCTAAC,Calb
675,LIP3,20,1,GGGCGCGCCGCGGCGCGCGC,Agos
676,GPI14,20,2,TCCCAGAAGTATTTCTGAGA,Cgla
677,MES1,24,2,CCAACATCTTGATGAAGATATTGG,Agos
678,BNR1,20,2,TATCCTCTGTACTGAGGAGA,Spar
679,IGD1,26,2,CGTCCGGGGCTCTAGAGCACCGAACG,Sklu
680,TLO1,20,2,TTAGATTCACGTGACTCTTA,Ylip
681,FPS1,22,2,CCGGAATATCATAATTTTCCGG,Smik
682,RPC10,20,2,GTAACGTTATATAACGCTGC,Scer
684,ZPS1,26,2,ACCTTCAGGGTCCTAACCCTGAAGGT,Spar
685,ABZ2,20,2,ATGCGTTCCCGGCAACGCAA,Anid
686,AMO2,20,2,GGCTGTGAATAATCTCAGCC,Anid
687,COQ6,20,2,TTTGCAGCTCCAGCTGCAGA,Anid
688,COQ6,20,2,TCATGATCGCCCGAGCATGA,Anid
689,CDC6,20,2,CCGGATTATATATTTTCCGG,Anid
690,DUG1,22,2,GGTTGTATTGCGAAATAGAACC,Scer
691,RHB1,20,2,ACCCCGGTTCGAATCCGGGT,Spar
692,DRS1,20,2,AACATTATCCGGGTAATGAT,Scer
693,RPL21A,20,2,CGCAGCCCGGCAGGGCCGCG,Agos
694,GAL2,20,2,TAGAATGTCCGGACATTTGA,Scas
695,STH1,20,2,AACTTCTGTGCACGGAAGGT,Sjap
696,ABP1,20,1,GGAAAAGGCATTCCTTTTCC,Scer
697,HSL1,20,2,ATTATAGTGGCCACTCTTAT,Spar
698,GGC1,22,2,GTGGTTTAATTAATGACACCAC,Scas
699,PCL2,20,2,GAGTGTATCAAGATAAACTC,Calb
700,AIM25,20,2,ACCGTTGCCATGGCTACCGT,Scer
701,HXT3,22,2,ACCCGTAGCTACAACTACGGGT,Smik
702,RPL39,28,2,GGGCTCGTCCCGGGCCCAGGACGGGCCC,Agos
703,YFL054C,20,2,AGCCAAAACAGGTTTTTGCT,Smik
704,MDH3,20,2,AACCAACAGCGCTGTTGTTG,Klac
705,GAL2,20,2,TCCCGAGATATACCTCGGGC,Agos
706,RPP2B,26,2,AGTAGTGACTGGTACCGGCCACTACT,Clus
707,RPL6,20,2,TAATCAGTAGCTACTGGTTG,Smik
708,SUR7,20,2,CGCGTGCCCCGGCGCGCGCG,Agos
709,HMLALPHA2,20,1,GAGAGGACGAACGTCCTCTC,Scas
710,SHP1,20,2,GACTAAGGCATACCTTTGTC,Anid
711,EDS1,20,2,CCACTTTTATAAAAAAGCGG,Smik
712,RPS23A,20,2,ACGCTCGATAGATCGAACGT,Sjap
713,BET3,20,1,TGCCTGCCCCGGGGCAGACA,Ncra
714,TPS3,20,2,GTTTTGGGGGCTCCCACAAC,Klac
715,GAL2,20,2,CCTCCAAGATATGTTGGAGT,Scas
716,LIP8,20,2,CTGGCACCAGCTGGAGACAG,Anid
717,RPL12,22,2,GAATGTTGTTGCATCAACAGTC,Cpar
718,SNA2,22,2,GGCCCCTGACGCCTCCGGGGCC,Agos
719,CBP3,20,2,TTTGTGGATGCTTCCGCAAA,Dhan
720,PFA4,20,2,CTTTGTGATGCATCACCAAT,Sklu
721,HXT3,20,2,TACGTGGAGTACCTCACGTA,Scas
722,ALG3,20,2,TGTACATACCTGGATGTACA,Ncra
723,SHM2,20,1,GGGCGCGCCGCGGCGCGCGC,Agos
725,HXT3,20,2,TTTCCGGGGTTCCCCGGAAC,Cgla
726,HXT3,20,2,GTTACTCCCTAGGGAAAAAC,Cgla
727,IGD1,20,2,TTCCTTGAACTTTCAAGGAG,Scas
728,HTB2,20,2,ACACCTTACGCGTGAGCTGT,Scer
729,HTA2,20,2,GTGGTAAACCGGTTTACTAT,Klac
730,MET6,20,2,TGCTCTTTGTCCCAAGAGCA,Ncra
731,YOL019W,22,2,CAGCGACATTGCATTGTCGTTG,Spar
733,LEU1,20,2,AAATTCCGCTATCGGGATTT,Agos
734,FUN19,20,2,TGAATTGCACGTGATATTCA,Klac
735,BNR1,24,2,GGTAGCGCCGTGAGCGGCGCTACC,Sbay
736,TAF13,20,2,GGGCTGCCAGCTGTCAGCCT,Sjap
737,RPS30A,20,1,ATTAGGGCTATAGCCCTAAA,Calb
738,YAT1,22,2,GCAATGTACCGGGGTACATCGC,Ncra
739,NOG2,22,2,ACCCCCACAAATTCGTGGTGGT,Sjap
740,DLH1,28,2,GGGCTCGTCCCGGGCCCAGGACGGGCCC,Agos
741,IDP3,20,2,CGAAAAAGGGGCCTTTTTAG,Ylip
742,IDP3,20,2,GCTACCACCCGGCTGCTAGC,Ylip
743,FBA1,20,2,GGCTGTGAATAATCTCAGCC,Anid
744,YMD8,20,2,TACTCACACTAGGGTGAATA,Ctro
745,HXT3,22,2,CTTCCCATCTCAAGATGGGGAG,Scer
746,BIO5,20,2,CCTTTCTAGTCGTAGAAAGG,Agos
747,YDL186W,22,2,GCGCTGCCGCGGGCGTCAGCGC,Agos
748,BIO5,22,2,GCTATTTTGTCGTCATAATAGC,Klac
749,INO4,20,2,GGTTATGAAATTTCAAAGCC,Spar
750,INO4,20,2,TAGTGGTCGATCGATCACCA,Anid
751,ENV10,20,2,ATTATAGTGGCCACTCTTAT,Spar
752,QDR3,22,2,TGCTTTTCAGGGCTGAAAAACA,Smik
753,BIO5,20,2,ATTAGGGCTATAGCCCTAGA,Calb
754,YML053C,20,2,ACCCAGGGCATGCGCTGGGC,Sbay
755,ART10,24,2,CTGAATTTCCAATTGGGATTTCAG,Anid
756,UBX2,20,2,CTTTGCTCTGGAGAGCACAG,Smik
757,UBX2,20,2,AAAAAAGCACGTGCTTCTTG,Smik
758,TRY3,22,2,ATCCACTGAAGCTTCAGTGCTT,Ncra
759,GAL2,22,2,ACCCGTAGCTACAACTACGGGT,Smik
760,SBH2,20,2,AGAACGCGCGCGCGCGCCCT,Kwal
761,CDC6,20,2,GACGCGTGAGCCCTCGCGTC,Smik
762,RPS16A,20,2,GTCCACGACTCCTCGTGGAC,Sklu
763,ALG3,20,2,CCAGACCAATAGTGGACTGG,Anid
764,VPS15,20,2,ATATCCAGACAACTGGATAT,Ncra
765,GAR1,20,2,TGTGCTTTTCGAAAAGGAGA,Scer
766,MEX67,22,2,CGTTCGGTATTAAAACCGCACG,Sjap
767,RNH203,20,2,ACCCCGGTTCGAATCCGGGT,Scer
768,TRX1,20,2,TGCGTTGGAGATCCAACGCC,Agos
769,YHL017W,20,2,GCGCTAAACGGGTTTACCGC,Sjap
770,YCR075W-A,22,2,CTTCAAAGCCTTGGCTTTGTAG,Agos
771,"DUR1,2",20,2,CGCTCTAATTAACTAGACCG,Calb
772,STP1,20,2,AAGGGCAAGCGCTTCCCCAT,Sbay
773,FPS1,22,2,CCGGAATATCATAATTTTCCGG,Scer
774,ULP1,20,2,ATGGCCCGTGCACCGGTCAT,Ncra
775,DCD1,24,2,CTGAATTTCCAATTGGGATTTCAG,Anid
776,RPL37B,26,2,TATTAGGGCTTCCGGCAGCCCTCATA,Dhan
777,GRP1,20,2,TACGCTTGGCGACAAGAGTA,Calb
778,DAS1,20,2,CCTCAAAAAAATTTTTGGGG,Lelo
779,BUB1,20,2,ACCCGGATTCGAACCGGGGT,Cgla
780,ADP1,20,2,CTTTGCTCTGGAGAGCACAG,Smik
781,ADP1,20,2,AAAAAAGCACGTGCTTCTTG,Smik
782,NOG2,20,2,CGCTCTCGCAGGCGAGAACG,Ncra
783,YOR365C,24,2,CATTTCCGCACGCCTGCGGATATG,Sjap
784,CSP37,20,2,CCACTTGAAAGTTCAAGCGG,Lelo
785,PHO88,20,2,GCGAATTTGGCCAAGTTCGG,Ncra
786,MAL2,20,2,CGTGGCCGTCGACGATCACG,Agos
787,FBA1,20,2,CTGGGGCTCCGCAGCCCCAT,Agos
788,YBR238C,24,2,CCAAAAGAAACGGGTTTCTTTCGG,Scer
789,PDR17,22,2,TTTCACTCAATATGGAGTGGAA,Scer
790,ERP4,20,2,CTCCCTGTTTAATCAGGAAG,Smik
791,FBA1,20,2,GCGGCCATGGACATGGCCTC,Clus
792,HAT2,20,2,ACGGACCAGCCCCGGTCCGT,Ncra
793,MIP6,20,2,ACCCCGGTTCGAATCCGGGT,Cgla
794,DAS1,20,1,GGAAAAGGCATTCCTTTTCC,Scer
795,YMR105W-A,20,2,CCTTAGCTCGCAAGCTCAGG,Scer
796,YML053C,20,1,GCTTTCGAAGCTTCGAATGC,Scer
797,XUT1,22,2,ATTAGGGTTACTTAGCCCTAAT,Ctro
798,STE4,20,2,TTGTGATGAATTCGTCACGA,Dhan
799,LEU1,24,2,CGGTATGCCGGTCCCGGCATCCCG,Cgla
800,DCP2,20,2,GAAAGGACCCGGGGCCTTCC,Sbay
801,GAL2,20,2,TTCTCCTCTTGAGAGAAGAA,Smik
802,TOM40,24,2,TGTGGCCGCCATATGGCCCCCACA,Sjap
803,TOM40,20,2,AAGCATTTGGCCAAATGATC,Sjap
804,TOM40,20,2,AGCCTCGAAGCTTCGCGGGT,Sjap
805,YOR338W,20,2,TGAATTGCACGTGATATTCA,Klac
806,BPL1,22,2,GAGGTGCATGGCCATGCAGCCC,Ylip
807,RHB1,20,2,ACCCCGGTTCGAATCCGGGT,Scas
808,MGA1,20,2,CTTGCTGTGCCCACAGCACG,Spom
809,RSM24,22,2,CGGAGCTCTTTAATGAGTTCCG,Scer
810,CRD1,20,2,TCGGAAAACAGCTTTTCCGA,Cpar
811,RDH54,20,2,TAAGCGATGATCTTCTCTTA,Dhan
812,YOR268C,20,2,ACCGTTGCCATGGCTACCGT,Scer
813,MGA1,20,2,GGACTTGCCAGGGCCAGTCC,Scer
814,MGA1,20,2,TTTGGACATATATCTCCAGA,Scer
815,HMS2,20,2,AAGGGTCAATTTTGCCCCTT,Sbay
816,HMS2,20,2,CCCGTCTCTGCAGCGACGGC,Sbay
817,RFX1,24,1,CCGCCGGCTGGTACCCGCCGGCGG,Agos
818,RFX1,22,2,GAACCCTCCATCTGGAGGGTCC,Agos
819,YMR317W,20,2,ACCTCAATATAAATTGAGGC,Spar
820,ELO1,20,2,CTTGTGCCAATTTCCACAAG,Ctro
821,YMR262W,20,2,GTTGTGGGAGCCCCCAAAAC,Klac
823,SGS1,20,2,AGAATGAACTGGTTCATTCG,Lelo
824,YOL019W,22,2,GCCAATGAACTAGTTCTTTTGC,Smik
825,YML131W,22,2,GTCCGCCTCGGCCGAAACGGAC,Cgui
826,SNA2,20,2,GGTAGCTTACGCAAGCTCCC,Ncra
827,RPL6,20,2,TATGCATTCAGGCATGCATA,Sklu
828,RPL6,20,2,CCGGAAAAAATTTCTTCCGC,Sklu
829,HTA2,20,2,ATCACATACGCGTCGGTGAT,Dhan
830,SEC4,20,2,TCTTTTGGTGCCCGAAAAGA,Ylip
831,MEC1,20,2,GCTCCATAACTATATGGAGC,Scer
832,SPC3,20,2,CGACGACGCGCGCGTCCTCC,Sjap
833,ALG3,20,2,CCTTTCTAGTCGTAGAAAGG,Agos
834,RPS6A,20,2,CTGGCAACGTCCGTTCCCAG,Scas
835,PCL1,20,2,GCAAGAGGCATTCCTCTTAC,Sbay
836,RPL21A,20,2,CACCGCTACTAGTGGCCGTG,Scer
837,KTI12,28,2,GCTTTTCGCCTCCCGCGCGGCGAAAAGC,Spar
838,YOL019W,20,2,GCTTGGATCATGCTCCAAGA,Cgui
839,ORT1,20,2,CTTCGCCGGTACCGGCGACA,Clus
840,RPS7A,20,1,ATTAGGGCAATAGCCCTAAT,Calb
841,PET309,22,2,GTGTTGGAGTATACTGAAACAC,Scer
842,YOR365C,20,2,ACCCCTGTATAGACAGGGAT,Dhan
843,PHD1,22,2,AAGGGCCCCTATGGGGGCCCCT,Dhan
844,YPR089W,20,2,AGAGCCGCAATTGCCGGTCT,Scer
845,OAF3,20,2,TCTAGGGCTATAGCCCTAAT,Calb
846,IDP3,20,2,AGAGTAGTGTACACCACACT,Ncra
847,PGA18,20,2,CCCGAATTCGCAAATTCGGA,Dhan
848,MGA1,20,2,CAGAAGATCTAGATCTCCTT,Scer
849,HNT1,20,2,ACTTACTCCTAGAACTAAGT,Ncra
850,SPO1,20,1,ATGTACTCCTAGTAGTACAT,Sklu
851,MGA1,20,2,AAGGGTCAATTTTGCCCCTT,Sbay
852,MGA1,20,2,CCCGTCTCTGCAGCGACGGC,Sbay
853,SIT1,24,2,GTACCTTATGCCGTCATATGGTAC,Klac
854,RPS7A,22,2,GAGTGCCTGGCCCCAGGCCCTC,Agos
855,COQ6,20,2,ATGCGATGATGTCGTCGCAT,Ncra
856,RPL20B,20,1,ATTAGGGCTATAGCCCTAAC,Calb
857,EFB1,20,2,AAGTCGAGCTAGCACGATTT,Ncra
858,EFB1,20,2,TGGGATATGTACAGATCACA,Ncra
859,YGL188C-A,20,2,GGGAGTTGAATTGAACTTCC,Scer
860,ENA2,26,2,GATAATAGGGTCCGGACCCTCTCATC,Sbay
861,RPP2B,20,1,CTCAGAGAGGCCACTCTGAG,Spar
862,MAS1,22,2,TTCCTCAACACGTAGTGAGGAA,Scer
863,RPS23A,20,2,CACACATTGCTCATTGTGTG,Cgla
864,HTA2,20,2,CGTAGGAGATATATACTACG,Spar
865,TAF13,20,2,AGGTACTGATATCGGTAACT,Scer
866,GPM1,20,2,TGAGGTGAAATTTCAGCTGA,Spar
867,RPS30A,20,2,AAACACCGCGCGTGGTGTTG,Sjap
868,OXA1,20,2,GACAAAGGTATGCCTTAGTC,Anid
869,ATG21,22,2,TCCTCCCTTGCCCAAGGGAGCA,Ncra
870,TMA108,20,2,TCCCAGAAGTATTTCTGAGA,Cgla
871,YOR365C,20,2,CGGGTTATACCTATAACCCT,Scas
872,BNA5,20,2,CCACCTTCCATGGCAGGGGG,Ncra
873,RPL16A,20,2,ATGGCCTGAGGTTAGGCCAT,Smik
874,AGE1,20,2,TCAAGCCACAAGTGGCTTGC,Ncra
875,AGE1,20,2,GGTGTTGTTTAAACGGCACC,Ncra
876,CDC6,20,2,AGTTTCCAGATCAGGAAATT,Spar
877,CSP37,20,2,ATATCCAGACAACTGGATAT,Ncra
878,VTC3,20,2,TAATCTGCACGTGGGGATTA,Kwal
879,CKA1,20,2,CGTGGCCGTCGACGATCACG,Agos
880,QDR3,22,1,GCGCCGGGGCGGGCCCCGGCGC,Spar
881,REV3,20,2,TTTCTCCGGAGCCGGACAAA,Agos
882,PPH22,22,1,CACTAGTTCGTACTAACTAGTG,Scas
883,ABP1,24,2,GTTGTTGCCGCCGCCGCCAACAAC,Ctro
884,HPF1,20,2,GACAAAGGTATGCCTTAGTC,Anid
885,SER3,22,1,TGGTGGACGTTAAAGTCCACCA,Agos
886,SPC42,20,2,CTTTGTGATGCATCACCAAT,Sklu
887,ORM1,22,2,TGTCCCACGTATTCGTAGGACA,Ylip
888,LPX1,20,2,TACTCACACTAGGGTGAATA,Ctro
889,PPH22,20,2,TTGTGGCTCGCCAGCCAAAA,Ncra
890,TMA17,20,2,AGCCAAAACAGGTTTTTGCT,Smik
891,GAL11,22,2,TCTGGAAACAGCTGGTTCCACA,Scer
892,ULP1,22,1,AGCTGAAACGTTCGTTTCAGCT,Scer
893,OAF3,20,2,AGTAAAGTCATGACTGTGCT,Scas
894,PRE2,20,2,TTTTGAGGCATGCCGTAAAA,Kwal
895,PHO88,20,2,GCAGTCATTTAAAAGAATGC,Lelo
896,GIS4,20,2,CACCTGCTACGAAGCCGGTG,Smik
897,STP1,20,2,AACACCTTGGCAAAGGTTTT,Spar
898,CRD1,22,2,GTTTACCCAACGTTTGGCAAAC,Scer
899,ADP1,20,2,CCCTGATAATAGTATGAGGG,Spar
900,CTK1,20,2,TATCCTCATGCTTGTGGATA,Scer
901,GTT2,26,2,AAAGTCGGGATATATTTGCCGACTTT,Lelo
902,CIN2,20,2,ACAAGACGGATACGTCTGGT,Ncra
903,YJL043W,20,2,ATGCGTACACGTGTGCGTAT,Scer
904,POT1,24,2,GGTAGCGCCGCTCACGGCGCTACC,Sbay
905,PFA4,20,2,TTTTTTGCAGCGCCAAAAAA,Scer
906,YCR087C-A,20,2,ATTAGGGCTACAACCCTAAT,Ctro
907,SIT1,22,2,AAATGAGGGTGCACCCATATTT,Kwal
908,ENP1,20,2,CTAAATAGCGTGCTATTTTG,Spom
909,RVS161,20,2,TCCAAATGCGCGGATTTTGA,Scer
910,HTB2,20,2,AAAAGTTCGCGCGAAATATT,Scas
911,PPH22,20,2,GGCATCCCATATTGGATCCC,Scer
912,SCP1,20,2,GATATGGATCGCTCCATAGC,Scer
913,YHL017W,20,2,CGCTCGCAGTAGTGCGAGCT,Agos
914,SCT1,20,2,AAAGTAGGCCCGCCTTCTTT,Scer
915,MRH4,20,2,ACACTCATACGTACGAGTAT,Sbay
916,REV3,22,2,AGGGAGTAAAGCTTGATTCCCT,Lelo
917,PRB1,22,2,GAAAGGGGAAAATTCCTCTTTC,Clus
918,HHO1,22,2,GAGGTGATTATATAATCAACCC,Scas
919,RPL21A,20,2,ATTAGGGTTATAGCCCTAAC,Ctro
920,FUN19,20,2,CTGATATCCATGGCTTTCAG,Anid
921,MAM3,20,2,CGCGGAGTCCGGAAGCCGCG,Sklu
923,HXT3,20,2,TTCTCCTCTTGAGAGAAGAA,Smik
924,SEC4,20,2,CAAATAGCTGGAGCTATCTG,Scer
925,HXT3,20,2,CCTCCAAGATATGTTGGAGT,Scas
926,CTK1,20,2,TCGTACGTACGTACGTGCGT,Ylip
927,ADP1,20,2,CCCTGATAATAGTATGAGGG,Scer
928,SLA1,20,2,GCTGATTTGCGCAAACCACC,Anid
929,SFH1,20,2,AAAGTCGCCGCGACTACTTT,Scer
930,LEU1,20,1,ACCGGTGAAATTTGACCGGT,Smik
931,HSL1,20,2,ATTATAGTGGCCACTCTTAT,Scer
932,ARP1,20,2,TATCGGGATTAATCCAGACA,Scas
933,FHN1,22,2,GTTTGCCAAACGTTGGGTAAAC,Scer
934,OAF3,20,2,CACCGCTACTAGTGGCCGTG,Scer
935,NBL1,22,2,TGACTTTTGGGCCCAAGAGGCA,Ylip
937,SIT1,22,2,AGATGAGGGTGCACCCACATTT,Kwal
938,YFL054C,20,2,CGTAAATCATGTGATTCACG,Ylip
939,SFH1,20,2,AAGTTTTGGCGTCAAAACAT,Cgla
940,OXA1,20,1,ACTGCGGGAAGTCCCGCAGT,Smik
941,RPS4A,20,2,TCTGGAGATATATGTCCAAA,Smik
942,HSP82,20,2,ATGTGGTGATATCACCTGAT,Agos
943,CKA1,20,2,AGTGAGCTCTAGATATCACT,Lelo
944,XUT1,22,2,ATAAGGGCTCCGTAGCCCTAAT,Calb
945,TMA108,20,1,AGCAGTCAAAATTGACTGCT,Scer
946,YMR317W,20,2,TTCCTTGAACTTTCAAGGAG,Scas
947,MGA1,20,0,AAAAAGTGGGCCCACTTTTT,Cpar
948,GPM1,20,2,CACCACGCATATGCTTTGTG,Ctro
949,GRX2,26,2,CGGGCCCCTTCGCGAAAAGGGGCCCG,Sbay
950,STE4,22,2,GTGTACAGATGCAAATGTACAC,Scas
951,HXK1,20,2,TATGCATTCAGGCATGCATA,Sklu
952,HXK1,20,2,CCGGAAAAAATTTCTTCCGC,Sklu
953,TSM1,28,2,GGGCTCGTCCCGGGCCCAGGACGGGCCC,Agos
954,HSL1,20,1,CCGTGAATGATCATTCATGG,Smik
955,MATALPHA1,26,2,TTGGGATGCAATTTATTGCTTCCCAA,Sbay
956,COQ6,28,2,TGTGTGCATGTGAATTCCCAAGCACACA,Sklu
957,POT1,20,2,AAAGTTGACGCGTCAACATG,Spar
958,BPL1,20,2,TTCGATACCCGACTATCGAA,Sklu
959,MDH3,20,2,CTGTAAAGTCCACTTTAAAG,Cgui
960,MIP6,20,2,ACCCCGGTTCGAATCCGGGT,Smik
961,SNA3,20,2,TTCGCTATGTATATAGCGGA,Scer
962,UBX2,20,2,CCCTGATAATAGTATGAGGG,Spar
963,IGD1,20,2,CATGCTTTTCGAAAAGTAGG,Kwal
964,HXT3,20,2,TCCCGAGATATACCTCGGGC,Agos
965,RPH1,22,2,TGCTTTTCAGGGCTGAAAAACA,Smik
966,HMS2,20,2,TTTGGACATATATCTCCAGA,Spar
967,EMG1,20,2,CGAAGAACGATCGTACTCCG,Anid
968,RPS6A,20,2,ACTAGGGTTATAACCCTAAC,Ctro
969,MET6,20,2,GGGAAGCTAGCTAGTTTTCC,Scer
970,MIP6,20,2,ACCCCGGTTCGAATCCGGGT,Scas
971,AEP3,20,2,GCGAAAATCGTCATTTTCGC,Scer
972,TSR1,22,2,ATTAGGGTTACTTAGCCCTAAT,Ctro
973,MEC1,20,2,CGTTCTCGTACACCAGAACG,Anid
974,YCR087C-A,20,1,GGAAAAGGAATGCCTTTTCC,Scer
975,RPS7A,20,2,ACTCTTCTAGCCAGGAGAGT,Cgla
976,SUR7,20,2,CTCCTCTGTCTACAGAGTAG,Anid
977,MDH3,20,2,GACCAATTTATATATGGGTC,Kwal
978,NBL1,20,2,CTCTTGAGGCGCCAAAAGAG,Cpar
979,HMS2,20,2,CTTGCTGTGCCCACAGCACG,Spom
980,SRP54,20,2,TTGTGGAAACGTTTGCACGA,Ctro
981,GGC1,20,2,AGTGAGCTCTAGATATCACT,Lelo
982,YPR063C,20,1,AACGGGCGCCCGCGCCCGTT,Smik
983,RPL21A,20,2,TCTAGGGCTATAGCCCTAAT,Calb
984,RPS5,20,0,ATTAGGGCTATAGCCCTAAT,Calb
985,RPS5,20,2,TTAATGCGACCTCGCACTAA,Calb
986,YPR089W,20,2,TCGAATTCGTCCGACTTCGA,Anid
987,RHB1,20,2,ACCCCGGTTCGAATCCGGGT,Sbay
988,HNT1,20,2,CTCCTACAAATTTTAAGGAG,Calb
989,RPL6,28,0,GTACTGGTGGGTGTACACCCACCAGTAC,Cgla
990,PMS1,22,2,ATAAACCGCTGCTGCGGTTTGT,Scer
991,VTC3,20,2,CCGAATTTTCGAAAATCTGG,Clus
992,NGG1,24,2,CAGTAGATAAGTACCTACCTACTG,Ncra
993,HMS2,20,2,TTTGGACATATATCTCCAGA,Smik
994,YJL055W,20,1,CGCCGCGGCGCCCCGCGGCG,Cgui
995,CLP1,20,2,TTTGAGGGTCGACCCTCGGA,Sjap
996,QDR3,20,1,TATCACGTGTACATGTGATA,Klac
997,RPL16A,22,2,CTACTGCCAGCACTGGCAGGAG,Kwal
998,KEL1,20,2,GGTTTGTTTATCAACTAACC,Calb
999,GAL2,26,2,TCCTGCCAAGCCCGGGCTGGGGAGGA,Cgla
