,Gene,Length,Score,Sequence
0,TLO9,26,5,AGACCGATCCTTCGGAGGTCGTGTCT
1,TLO9,20,5,TCGTGTCTCCGTCTACACTC
2,TLO9,20,5,TAAAGTTTACGCCCACTAAA
3,TLO9,22,5,GGTGTAGATGTCCCTATATATC
5,TLO9,20,4,TCAAGGTGKTATTTCCCTGA
8,C4_00020W_A,20,4,TCTACCCAGTCCTGGTGAAA
9,C4_00020W_A,24,5,TACAGATACGTCCAGATACCTTTA
10,TLO11,20,5,ATGCGGTCTTAAACCTGCGA
13,TLO11,20,4,TCAAGGTGGTATTTCCCTGA
16,C7_00010C_A,20,5,AAATACCCCTTGGCAGCTTT
17,C7_00010C_A,22,5,TCCCAACATTCGAGTAGAGCGA
19,C7_00010C_A,22,5,TTTGATTGCTTCGTCAATCTCA
21,C7_00010C_A,20,5,CAGATGCGCCAGCTCGATTG
22,C7_00010C_A,20,5,TTTGCACTGCTCATAGTCAA
24,C7_00010C_A,22,5,GACACTCTGCATGTAATAAGTC
26,C7_00010C_A,20,5,AACTTTCCAATTGGATCCAA
29,C7_00010C_A,20,5,CAATTGTGACTTGGGAATTC
30,C7_00010C_A,20,5,AAGTCCTTATCCATAGTCTT
32,C7_00030W_A,22,5,GACACTCTGCATGTAATAAGTC
34,C7_00030W_A,20,5,TTTGGCTTTGCACTGCTCAT
35,C7_00030W_A,20,5,AAATACCCCTTGGCAGCTTT
37,C7_00030W_A,20,5,GACTTGGGAATTCGTGATTG
38,C7_00030W_A,22,5,TTTGATTGCTTCGTCAATCTCA
